,predicted,actual
0,44.65809566756218,3
1,42.608473253663846,4
2,286.79880457874253,286
3,41.27310044059644,75
4,182.34104222962938,148
5,169.1195406001218,122
6,237.9921993878546,283
7,335.4266299964429,296
8,593.749034794466,484
9,170.28464562357155,162
10,1.6812503954401734,26
11,198.26162756159667,102
12,127.96099046664582,65
13,51.916339217442896,44
14,321.71568257847576,361
15,0.0,1
16,5.955175992192238,26
17,437.0174871391247,478
18,74.47782577325614,31
19,26.373062760132342,7
20,272.5714139599077,232
21,131.97702584938452,152
22,189.89838685980618,119
23,20.976879372634812,23
24,124.69693667077948,98
25,181.88260227872541,203
26,787.2694455194195,875
27,260.62738258621295,233
28,639.9885748922007,425
29,236.34125222315532,303
30,183.3708903669812,145
31,38.603647883906234,29
32,378.85969565461744,323
33,9.408855347701262,41
34,41.011043417750784,21
35,17.083612655744048,8
36,21.9263761285836,30
37,239.11831314467202,290
38,286.20993901693646,275
39,343.0621527639118,278
40,60.52575256306429,26
41,0.0,8
42,4.108810197363084,2
43,185.6100930540492,206
44,407.2437851870286,388
45,271.3910914124535,196
46,65.7675320419537,55
47,134.09290763436684,164
48,331.4052618889883,402
49,315.15903974119215,325
50,365.67250344059164,333
51,89.80187788603567,115
52,89.4048829190582,48
53,688.0427210446867,655
54,260.5777843019259,250
55,56.957934479616796,31
56,17.384757513497647,16
57,380.87876206588055,363
58,153.4762075676549,170
59,163.1474752167626,91
60,104.74592944739102,141
61,213.00407427443685,208
62,0.0,13
63,105.6556023351601,119
64,321.37625129845634,312
65,393.34899328595566,454
66,14.263553915878987,3
67,128.0750215232572,134
68,70.58647680693868,38
69,28.901242822965372,32
70,375.1020393058733,417
71,151.92776911938924,145
72,255.49972242393468,302
73,73.85461189870577,98
74,174.71443394762224,147
75,242.33240002572583,179
76,46.39118520046026,34
77,203.82591854976567,92
78,357.8979929548526,391
79,197.7608752846657,219
80,187.74700829780528,126
81,44.375757099355326,36
82,0.0,21
83,241.7447007592495,141
84,496.53068029325584,546
85,262.57834787561126,257
86,82.80725044447503,87
87,175.8477321850585,169
88,125.59293775455814,126
89,95.6260003717409,83
90,250.86127946091818,256
91,397.68104864357963,366
92,66.53523381226032,45
93,398.10865076531195,356
94,221.70673956359747,207
95,408.8753591039133,385
96,72.64594538656971,47
97,408.36443080611923,362
98,35.26166471420589,61
99,458.1266312523737,403
100,0.0,8
101,208.9096196176144,240
102,308.75860238919375,379
103,259.82830024254525,209
104,127.39798301694246,126
105,185.77501719422565,135
106,198.88412077398908,217
107,257.8305478107976,261
108,408.74142145346104,387
109,105.74891205240672,52
110,213.15732604975256,283
111,158.48188017582117,152
112,82.47084955960126,24
113,171.05926330598726,235
114,123.70629070910326,135
115,179.54133671177803,172
116,556.3513047469862,819
117,289.0034298311003,296
118,209.53392343059335,196
119,0.0,3
120,270.13735591610447,293
121,420.66080563937305,485
122,415.8067046730418,287
123,285.064752955141,258
124,266.8532422416712,281
125,0.0,2
126,0.0,3
127,18.848503430069258,4
128,0.0,17
129,192.7911007049563,217
130,35.87381352443842,13
131,161.91953527471625,157
132,57.40577166789268,71
133,264.6696310043801,222
134,36.14527458364617,17
135,314.5274552882746,320
136,46.96977143405812,41
137,64.16040541353559,73
138,84.65733056174473,73
139,193.1134509534853,170
140,429.587404677363,504
141,556.2629633841123,607
142,246.29286826399684,238
143,39.142781827847756,3
144,148.2641461789371,183
145,314.2048709536658,288
146,62.66270398990855,21
147,104.37516194672656,39
148,633.7428583574018,634
149,67.92002470142018,65
150,62.009763142909094,77
151,9.989132222508374,21
152,141.45258675816746,151
153,449.84595125117323,470
154,724.9121577780824,804
155,417.5071781861195,311
156,146.84158500040976,139
157,97.73535903707267,120
158,334.28371629192304,423
159,123.04468813619746,136
160,87.67106654030385,58
161,177.8982203635643,203
162,156.22102915988387,125
163,15.251143344269849,7
164,358.6297873975416,371
165,432.55877280473646,448
166,0.0,6
167,29.67272058403418,1
168,161.21982802028646,211
169,4.7531137716308365,5
170,21.27454808176236,13
171,7.319581365949915,7
172,11.520570873510565,13
173,187.80878014887153,178
174,152.11564304970068,133
175,44.28818525112624,17
176,344.6107429398828,169
177,25.48611766770631,3
178,154.7107734831858,145
179,555.2919002730251,702
180,386.92527880614347,324
181,24.776008217086257,32
182,134.19224692684764,138
183,106.43540194297785,78
184,491.9023568138209,360
185,110.3285810487908,148
186,523.1315428378078,516
187,287.43175292721753,266
188,97.02067281285679,24
189,502.42911936128735,531
190,189.56750503018088,122
191,40.6658951601415,38
192,144.44522708932388,183
193,165.98538249545695,157
194,151.47607828061246,178
195,645.2224152077686,632
196,351.39090593449157,292
197,194.87307168635675,165
198,71.12537284058816,31
199,83.74986038277311,38
200,3.5712383905529066,3
201,47.81526836274955,92
202,162.20883039744888,123
203,51.5912511419634,46
204,13.22688510936797,8
205,0.0,17
206,22.933502606339204,12
207,3.8262533795489446,5
208,84.08872484297447,13
209,39.46198913902771,40
210,764.4162803013705,851
211,217.08539579448538,216
212,370.69181542369165,483
213,341.0304406325241,359
214,560.1324034704609,559
215,86.12490073970258,108
216,18.050883772471764,9
217,21.76430238192492,15
218,151.71083243437525,82
219,0.0,3
220,40.30556384823856,45
221,341.2764164732974,384
222,652.4512283632718,662
223,495.1164866585991,505
224,98.98714800237228,69
225,277.34407199619625,286
226,56.21829454565,56
227,35.35301592136068,4
228,3.3572749442173233,5
229,184.17167668886427,200
230,0.0,2
231,164.3624651556192,187
232,659.8633538142819,698
233,71.98585221690254,18
234,0.0,4
235,265.1360167782532,230
236,334.99195779987906,360
237,333.55286364066933,357
238,87.5630453023872,88
239,126.15116786360306,121
240,171.40651654741535,161
241,281.67696849415574,266
242,307.6388373837355,366
243,116.03265648648417,117
244,135.97778877044271,122
245,272.6329846581736,203
246,11.731702817052934,3
247,58.472256171989045,88
248,223.10586685187178,294
249,143.99812410813686,142
250,383.3385924874781,332
251,207.16450842666092,221
252,0.0,41
253,8.199530142708255,11
254,105.77414092501925,118
255,68.6868117372151,46
256,144.0103090468706,145
257,182.30499434237316,184
258,220.86372110588547,204
259,0.0,15
260,494.6778928409368,465
261,216.93143927962916,189
262,0.0,3
263,183.7257309425032,224
264,775.8973236236924,832
265,46.59347313470775,21
266,20.307033694386206,8
267,0.0,6
268,408.96725535479925,424
269,14.32489951393373,5
270,19.073234242865936,1
271,0.0,11
272,546.8046215808353,783
273,379.33128264431616,417
274,36.91967545151351,42
275,454.182027726166,502
276,140.218944222889,142
277,0.0,15
278,374.06722427697264,405
279,0.0,7
280,158.5397048561958,127
281,673.0325560379089,539
282,35.61862435354658,27
283,418.547390309422,337
284,47.092259634855736,41
285,46.323013873856866,51
286,11.692736669206312,22
287,24.5893084644741,17
288,179.41746718832502,133
289,626.0080659219781,495
290,140.1499607265616,160
291,151.8492199497557,206
292,186.11115130340886,171
293,132.584964967095,139
294,514.9860878659634,639
295,147.11391739282874,148
296,152.31924650628648,265
297,7.505200248844886,1
298,446.5970784810718,425
299,0.0,23
300,24.443577445719228,24
301,253.6089403975098,282
302,185.13039739235617,188
303,321.46997958642794,292
304,379.94386416214934,331
305,292.4514253001156,172
306,212.8522921013154,233
307,263.85905097261923,258
308,325.45907437843243,331
309,269.0761240572006,104
310,9.137981878240709,5
311,0.0,14
312,14.97090206860804,11
313,0.0,47
314,100.73511620441074,92
315,4.643236639790388,20
316,152.38673560579124,140
317,450.1875718715469,433
318,67.12425936667337,109
319,48.347256036318555,43
320,6.662951344272187,36
321,397.62359685476474,503
322,787.9106442919935,877
323,213.8836661283413,216
324,154.50476031297683,193
325,109.058344289272,121
326,189.84577063787543,190
327,315.0612856690107,226
328,74.43578691902573,32
329,52.42128267664461,43
330,398.647087862123,459
331,473.4682351140211,456
332,433.10447888252725,500
333,323.18961346282805,201
334,0.0,30
335,401.52592871238176,334
336,306.9868809246765,411
337,230.2526616810319,223
338,262.7926838836652,260
339,297.9239550260845,490
340,41.892671024067425,17
341,7.681602654797132,24
342,95.07250227040174,173
343,0.0,63
344,83.49431835303457,62
345,416.5802954472539,449
346,179.29506061858697,138
347,406.9607982236568,376
348,146.85905098373064,184
349,39.18589384539089,33
350,283.97781815373,267
351,0.0,15
352,0.0,40
353,300.3665535847322,281
354,369.47173234196146,272
355,31.89309194255648,11
356,95.61353729351791,84
357,288.28782344478,287
358,683.3176621273478,576
359,494.2019902163446,490
360,38.879794765585984,38
361,316.43013238469393,283
362,154.75982140898813,89
363,0.0,78
364,302.3867102272319,324
365,0.0,3
366,40.62584309494372,106
367,15.787279760463065,9
368,317.67030470017795,286
369,30.046076174401975,57
370,169.98157520023238,141
371,164.23823111508858,182
372,646.364864193148,704
373,515.0816446676622,550
374,141.47477377374946,141
375,177.16970345865417,130
376,498.10214530267956,646
377,33.7879167879795,37
378,13.157031192389894,17
379,27.479952017391696,17
380,0.0,4
381,66.87667823269302,109
382,281.8973723850761,375
383,118.95025317038873,130
384,571.0937444388012,628
385,358.8781305622774,406
386,2.9200207124626445,2
387,227.57066126355525,226
388,0.0,9
389,312.412222381561,344
390,223.07321081173302,130
391,58.53814799534851,65
392,284.20090104904995,336
393,179.75396910297604,178
394,0.0,1
395,429.4992810914082,399
396,26.971559804767793,1
397,43.50122933071259,18
398,8.403434470632277,70
399,6.865008131156117,7
400,414.56182244808656,356
401,305.21543590044183,244
402,282.021874012752,241
403,317.8524907421186,233
404,306.8691818421239,266
405,116.33330841055054,123
406,220.88443460310862,197
407,260.27541473486974,202
408,8.148519153313117,16
409,125.58605637472037,112
410,148.18822585238004,152
411,273.81466389198664,299
412,16.052478924536956,12
413,90.99490316106588,151
414,234.3880732285017,265
415,514.9173627327866,641
416,33.334611335948324,16
417,58.343905073077025,129
418,325.16167974242427,304
419,11.980078102491206,78
420,142.99034409610994,173
421,617.2094949082751,665
422,0.0,41
423,663.1916523492463,642
424,368.72666489680944,369
425,0.0,12
426,98.9161364955848,82
427,262.97153924036934,584
428,51.43267126317974,38
429,157.52873388266255,160
430,430.01287642233285,349
431,123.22054102114751,124
432,435.86286987340793,468
433,62.16885537877826,35
434,80.85268627641375,78
435,618.2956662779022,592
436,120.0114418757519,95
437,35.74333965467869,27
438,7.402431035713192,6
439,17.240167638395036,32
440,161.40024321855665,150
441,0.0,83
442,177.95088104414552,172
443,225.17457566830004,184
444,606.8652697651042,731
445,193.6253720188014,147
446,512.208568366046,481
447,0.0,12
448,264.37954813085173,292
449,310.50792083305623,339
450,173.89538659632018,98
451,196.61689799095876,202
452,461.49527051877703,456
453,91.58759091102934,131
454,529.7121687861854,518
455,283.75402705227447,274
456,90.18919502074692,105
457,579.3464705684803,701
458,116.81644777876232,37
459,228.4806962390489,196
460,452.10150635808566,472
461,117.66533227909363,62
462,65.34154747070536,16
463,313.75463976503477,274
464,39.79136638777487,5
465,52.67326433632971,72
466,212.3260851456935,277
467,167.54189936670323,289
468,1.9065426308391409,1
469,269.70367163124564,280
470,549.4458450374592,553
471,346.55900189725264,354
472,306.08203156637546,302
473,42.47650184406717,4
474,3.917479345961766,30
475,315.0617065944154,381
476,123.25451799968202,88
477,124.5097467478613,140
478,664.9814967362001,706
479,475.61725153657665,430
480,404.566892421116,520
481,0.0,3
482,293.1840642643667,254
483,44.121265191322806,41
484,0.0,6
485,66.21239368484673,110
486,746.2337299386476,844
487,57.92411084937757,72
488,27.832303734346766,10
489,350.15322477954464,406
490,149.5055562410657,80
491,24.49081583884407,283
492,276.38383458859346,286
493,500.30543158542196,560
494,744.6005055991001,747
495,241.99303063787454,249
496,70.93016317858624,94
497,45.26339692012539,98
498,96.06111811861723,177
499,40.906798974958576,78
500,223.13037049808207,195
501,116.8648466525717,120
502,190.76523834567263,191
503,21.74606316709614,2
504,35.5276217535513,19
505,404.4447900282179,315
506,137.23268841063938,152
507,12.666054633857328,20
508,214.2564581193618,74
509,38.20909594005025,55
510,286.21867020274453,254
511,620.6801893957223,705
512,120.01168869608688,137
513,19.479880151405865,15
514,129.12835131896358,135
515,650.4145478195352,817
516,152.8026585874465,207
517,114.5242795052507,130
518,120.36149245524308,103
519,417.31640624615704,443
520,203.11255340541447,258
521,282.82165068651557,279
522,529.3669879740962,573
523,352.57277726581196,370
524,467.23462087358416,388
525,42.67369914547015,67
526,3.8145522550783255,5
527,259.7060286582327,259
528,116.8940501323968,104
529,140.5538360372237,107
530,55.6077183007485,55
531,232.05998029003365,123
532,122.62889295254544,106
533,0.0,8
534,123.34727977994014,141
535,144.32941315411392,147
536,380.4028995875832,406
537,385.4986593228665,561
538,120.39321858201455,113
539,269.7388487935034,251
540,431.7793453234525,492
541,216.75234318297922,135
542,127.06795101831473,116
543,10.181490284955743,7
544,327.25456517699246,304
545,44.37906631369586,39
546,74.34737573321348,90
547,339.37593995399175,228
548,105.76083347172074,96
549,69.78261968832973,94
550,143.97963874946873,117
551,195.2236843417718,210
552,297.1579254339984,128
553,594.6276105615427,672
554,170.53332624123271,153
555,373.405511197108,303
556,132.95263751643836,53
557,15.409826303239782,16
558,136.76380406967013,135
559,0.0,1
560,155.15556589642478,135
561,338.98588162938654,213
562,22.424659205446403,42
563,136.72499820948696,123
564,204.01667179583745,180
565,60.33757224761115,3
566,7.521950741165227,2
567,62.36189135612578,89
568,17.858555694204057,11
569,340.75806792716935,370
570,30.539389286555775,52
571,244.3413793257733,241
572,20.410193664478157,12
573,147.7107618339483,123
574,201.15812881435315,208
575,574.7767540554747,554
576,169.60220316812809,247
577,416.7597041576683,444
578,213.86019539991514,112
579,282.54213621948384,154
580,438.95270569278773,451
581,11.94979569084262,19
582,368.371184211715,551
583,211.82021184676356,193
584,114.8847564844069,153
585,498.317472467597,469
586,191.08822879539315,112
587,174.72583546119947,191
588,181.81168234583544,166
589,349.2535888414824,358
590,202.6370966908375,185
591,93.35905108103088,49
592,6.1735973646709965,5
593,203.89420880855636,218
594,138.78835103087567,180
595,488.84838157965044,306
596,247.2051087333179,331
597,177.31587290159237,74
598,163.78912018499182,140
599,17.26031431175906,19
600,0.2997006363748085,1
601,35.58702998857186,33
602,37.289653412506084,37
603,154.83234850757106,145
604,554.3951324217479,496
605,613.4720596883744,668
606,160.51429363125294,62
607,47.72432793967985,10
608,3.8569904290140187,32
609,383.07418848909106,411
610,0.0,9
611,50.09500527490334,11
612,219.18269301448117,253
613,344.2413829982114,295
614,18.53743722166297,16
615,382.7969956950635,541
616,228.31182568535309,72
617,200.72952034406,392
618,8.792822312083842,14
619,0.0,13
620,479.066421139491,596
621,0.0,5
622,24.38421859486681,70
623,400.2763486087621,399
624,524.2321677074885,555
625,24.065817021884413,24
626,132.26152727908348,130
627,36.24422504132448,32
628,33.8136873172941,19
629,95.70708450705226,70
630,210.81327215702632,198
631,77.8414936206207,39
632,1.1551227061744953,5
633,29.143540445772516,6
634,398.27627543193,394
635,102.52219779346245,61
636,283.56311218977714,174
637,0.0,47
638,0.0,1
639,93.85971061001946,107
640,151.7471702602286,119
641,159.0102875256233,151
642,103.91864285533636,162
643,430.16854103102355,451
644,218.50699995298442,212
645,380.4556763296779,414
646,24.954797617172403,3
647,408.7755869466291,392
648,130.25950914397427,132
649,53.83547197477881,41
650,229.69914958187798,222
651,446.15778690282013,370
652,103.88168549981341,92
653,290.60969264493815,308
654,0.0,23
655,753.515696938992,723
656,260.01758811347685,252
657,278.0936798980954,214
658,181.4680688254677,143
659,90.63279935525975,115
660,254.49010395467462,158
661,43.32750573182318,41
662,202.58272653959622,206
663,131.70367044463228,162
664,674.5518176806486,784
665,606.3022084153904,654
666,92.6250010174226,56
667,129.6835257260919,143
668,42.24738934413887,69
669,25.136663647712822,1
670,13.96071616853817,31
671,200.76387769355517,171
672,33.9641194160304,37
673,656.6432304657804,682
674,32.56722487871096,41
675,16.36802204879288,14
676,115.76732462767211,117
677,373.4474292330356,461
678,123.99821785071565,122
679,45.76027226660332,6
680,308.68500496948593,322
681,0.0,17
682,0.0,3
683,292.9114527382335,299
684,458.938157339222,375
685,37.79109816382211,20
686,42.51240315227042,13
687,32.78765898724632,21
688,65.98518768982964,68
689,37.83642366560147,38
690,45.34708987702052,69
691,237.8058329284116,167
692,466.0126718644659,386
693,244.03322647145995,213
694,20.706139674882394,12
695,224.5297994251424,75
696,189.1895227147266,219
697,454.72915776955995,492
698,110.17780046745428,93
699,0.0,7
700,147.2992125359747,124
701,170.97771327466438,165
702,4.2684590355837315,1
703,0.0,5
704,159.8123231924245,189
705,33.95609811135006,29
706,145.99893949679608,154
707,248.00565964841388,249
708,97.37727796934722,109
709,196.69224158516255,206
710,14.619450225400186,54
711,478.93647620312333,513
712,207.7591148294455,196
713,282.51782860031597,335
714,613.6121475205262,591
715,63.56911057079249,36
716,0.0,23
717,660.574704725304,743
718,136.09335652690248,95
719,150.17531993642348,118
720,24.231326704232515,28
721,323.7478352697647,293
722,255.9866981873258,72
723,117.21373600348717,99
724,6.8139353935537486,11
725,147.38037352568972,139
726,107.31127671060091,108
727,416.73024013562224,473
728,236.42112330965,389
729,139.523441109195,159
730,130.65867823687407,91
731,29.2273579666863,39
732,145.1490707819244,164
733,102.41141223730827,110
734,94.7650363860818,172
735,421.8480932856224,383
736,382.86599806292645,433
737,32.6421396767326,84
738,8.531037055850021,57
739,84.50249123787228,97
740,106.3731738932745,116
741,0.0,31
742,208.41607312621824,198
743,304.4887320761322,267
744,272.6547398234981,296
745,520.5927268007553,629
746,260.24577004934946,271
747,275.47100472872603,262
748,51.365320847035974,46
749,145.16471103399243,103
750,126.92681896061558,103
751,84.2583681142127,104
752,631.1315195720238,637
753,319.8313593218579,382
754,278.7638395071256,165
755,214.2079045573023,164
756,7.494989604409085,62
757,191.72033366671167,180
758,0.0,2
759,403.00647510188423,379
760,35.14130320133114,48
761,90.5876072923551,109
762,118.74893738949716,149
763,20.466897746829147,19
764,219.84168022345398,203
765,243.70939680006833,184
766,0.0,6
767,443.9713104498902,430
768,212.05847059254995,203
769,28.084611056406743,21
770,4.113513999717497,5
771,363.89937317342725,459
772,30.285783857381887,41
773,408.2092508211671,478
774,148.1599910773371,48
775,221.27316503137783,218
776,312.89391806754736,289
777,64.88048214171432,41
778,312.1466456338014,236
779,267.26224453329286,189
780,413.01002018620045,487
781,18.111365336427724,8
782,516.9613902336054,455
783,158.89392658737103,153
784,412.64719708965134,428
785,218.53542222755706,190
786,349.17252799164766,311
787,300.45408862543235,285
788,37.30326461192669,1
789,0.0,13
790,8.22361577321189,3
791,46.738103122485796,4
792,127.81963937852288,138
793,127.62385313807549,150
794,285.1791863779601,312
795,359.72310422079977,361
796,37.26516527648576,13
797,70.10804462754874,107
798,3.26473102666327,1
799,190.90235595494366,209
800,98.5862291321489,182
801,308.9475987479156,292
802,142.49970371385646,150
803,64.80902070435161,66
804,70.68979278847323,43
805,280.9478882718133,220
806,0.0,20
807,132.34299643233706,170
808,289.2248767232693,310
809,173.00931624098362,168
810,41.890826394068,54
811,6.6134431545339964,1
812,298.07993732420573,259
813,107.15834024656458,102
814,335.34340548045884,414
815,240.89248869131836,238
816,84.15403507131583,75
817,384.0470717468736,319
818,500.89658048425156,499
819,572.7132029399718,606
820,530.2393829454387,679
821,61.30740449878235,3
822,206.86129376584404,188
823,14.282237776227248,10
824,458.42084050875985,488
825,131.6392034747618,105
826,408.22233353753666,380
827,61.41492760054126,64
828,636.2897164905037,812
829,89.98345438764693,119
830,136.40478089050129,156
831,236.9984533057918,182
832,16.82471221132471,3
833,98.09437521341675,105
834,258.6033863973703,202
835,368.68121867061654,382
836,391.7561256000829,368
837,321.46342282086596,114
838,335.42209520038443,223
839,186.54258051757364,117
840,32.224577173635936,50
841,249.40446145185652,249
842,145.72372937811286,144
843,271.92608743708035,284
844,18.47501733168491,14
845,406.9072650299116,460
846,146.45017282902765,129
847,76.03500321099139,128
848,445.4947953899526,460
849,258.17609478281463,306
850,132.30331867660067,165
851,192.16982000683797,150
852,21.883212561937796,25
853,0.0,2
854,9.92495684229442,14
855,105.70693150057278,195
856,267.1021520999204,202
857,105.83961618609968,82
858,3.9894957435242304,16
859,264.85472289108895,359
860,184.12702457943683,133
861,368.7937312595436,331
862,139.47761981602815,84
863,28.97297496699349,84
864,4.0950414196457245,6
865,126.07302114829133,41
866,277.86156416897694,270
867,154.42310384755652,112
868,437.8308448214648,425
869,99.62605224120115,42
870,126.05776563324422,34
871,371.2627812470876,382
872,279.88158913490076,289
873,327.183528242001,307
874,260.1527301193473,246
875,33.294624481433345,9
876,17.08811492254833,54
877,443.59863491944316,492
878,275.26818190683025,250
879,60.852295058255464,95
880,247.801563961775,219
881,180.7544998234775,189
882,241.23306142285662,288
883,52.025606990700425,1
884,0.0,6
885,0.0,7
886,42.988094106272484,39
887,35.96273880561816,55
888,78.68940556558728,87
889,467.87537336810317,383
890,6.305029592448051,4
891,82.51999340542248,44
892,28.185974693802507,5
893,818.5499077720561,925
894,37.75282078413454,57
895,73.90406091836662,76
896,453.5433358894369,430
897,252.0132144887682,350
898,349.8442326805007,372
899,38.74127764882107,28
900,24.50178284750129,72
901,776.5649253678963,837
902,130.3040962595428,65
903,156.7609174351703,248
904,18.03409996821125,36
905,351.1076094831886,357
906,222.266840195653,217
907,154.45696839189105,174
908,297.2474852772682,237
909,237.5381614643046,199
910,790.4510253064628,977
911,134.04563535053973,108
912,0.0,7
913,177.63435883774935,178
914,112.95888125155739,165
915,211.679075305469,219
916,88.00370365288317,135
917,184.8314062606733,79
918,136.2587753648204,94
919,249.30687921020422,244
920,315.5689434531658,332
921,234.69744514512206,210
922,303.9450694741393,294
923,102.08126564857228,99
924,43.82377534417054,46
925,42.27201589412411,34
926,25.996395466581674,55
927,384.51362826378136,463
928,0.0,64
929,0.0,4
930,332.3065900533612,356
931,227.63598139197524,308
932,762.0510169236926,743
933,577.0014027465899,663
934,25.316190871036014,6
935,346.57976085851794,266
936,224.56721518472733,62
937,93.544794337014,94
938,208.042183767884,209
939,170.2031072255628,171
940,4.363324119032114,4
941,263.27306106100707,237
942,0.0,1
943,150.5585652612414,117
944,179.87104150608832,164
945,659.8595367181657,626
946,70.9845845440287,123
947,174.26164268625814,181
948,151.3143743795051,129
949,487.1552642666351,407
950,91.33936078235587,67
951,120.78141211348219,98
952,602.4950245680797,784
953,535.0520868054153,668
954,36.180204263353886,69
955,302.18010180585975,339
956,240.50047134163086,253
957,287.27222463459236,303
958,581.6093796449825,481
959,50.69733434036576,39
960,107.99859829558108,153
961,238.5693074276325,237
962,305.31349846674226,265
963,0.050792783685267295,1
964,290.42321633765073,290
965,27.071621701242037,2
966,191.1553620101674,168
967,114.27686700977127,95
968,29.35480273961116,44
969,3.154502674654452,5
970,0.0,23
971,0.0,36
972,79.34140987874157,20
973,0.0,2
974,207.4102039401338,179
975,73.81931458999927,68
976,131.6452273123741,107
977,275.7516224536167,363
978,10.599533795691173,22
979,0.0,12
980,189.67963651123176,152
981,302.53401251906314,250
982,95.09705782866978,86
983,370.87344962072893,357
984,0.0,15
985,202.52408589206027,117
986,288.86633997227796,303
987,354.4168302618816,397
988,265.85199788512205,238
989,19.787250949547513,15
990,17.88943210653568,25
991,0.0,17
992,155.75908388503538,118
993,411.85169468629897,553
994,119.06624688768565,72
995,625.2136862992954,652
996,228.19210197474524,297
997,121.12658937173873,103
998,590.791760939224,601
999,295.1724923313993,322
1000,175.14410235641947,162
1001,285.0822440865085,295
1002,465.70049471547793,488
1003,119.19016464724382,111
1004,50.80885647256886,2
1005,0.0,10
1006,278.78399037600906,269
1007,70.72115680993215,90
1008,96.54417648111247,64
1009,257.9322959180971,244
1010,84.75025660203184,63
1011,60.24244848405192,104
1012,67.02529538539756,75
1013,780.9306893528693,837
1014,24.730261550519543,11
1015,336.0925968343747,315
1016,321.9357091872573,272
1017,270.6882918055978,286
1018,79.92377744078448,78
1019,296.6179593515602,363
1020,370.0109329545868,472
1021,225.03499904876412,250
1022,160.73352404384136,162
1023,97.94333192264335,184
1024,300.5196408186632,297
1025,253.28630589801742,281
1026,94.59189677972539,54
1027,273.53878832647024,407
1028,72.01259065218471,39
1029,23.170404120800015,36
1030,28.696903720950246,22
1031,18.73105662356099,12
1032,165.1077508343668,156
1033,59.57723754267488,53
1034,0.0,1
1035,241.75528034589513,105
1036,4.9219511989784905,16
1037,472.59859033205555,465
1038,64.0383892754973,25
1039,128.15703597350623,175
1040,263.5124251016194,258
1041,0.0,3
1042,177.73167011937386,145
1043,65.47238582724674,52
1044,140.21321398064447,111
1045,94.15362535992128,103
1046,31.630257885656448,69
1047,569.1330684935003,730
1048,364.2927938528255,389
1049,208.3487358100185,174
1050,202.34877630312027,82
1051,3.284370719842144,22
1052,350.56845352972636,374
1053,0.0,5
1054,801.8386368381583,732
1055,601.8795315654223,710
1056,43.848655318203384,78
1057,389.6866758789423,399
1058,27.955574785478944,16
1059,0.0,7
1060,453.20052587787666,417
1061,328.55365584233334,249
1062,109.14745993553929,76
1063,122.55849421678093,143
1064,9.855187241716607,38
1065,22.809310835481313,5
1066,77.92783756007876,61
1067,157.63358911647708,95
1068,218.65140269284242,198
1069,156.63812426849452,138
1070,366.2213691166679,377
1071,24.145414131983387,12
1072,320.74136857564025,296
1073,207.7101173277508,155
1074,117.40157353743382,129
1075,138.88133205605695,208
1076,207.23193122658822,224
1077,232.1185381560951,201
1078,134.79153575315937,87
1079,54.34722556489001,55
1080,258.61351271695094,421
1081,264.4029340633672,231
1082,40.28122465424261,44
1083,0.0,28
1084,224.84839568564303,145
1085,263.46469146546144,320
1086,334.65252978811407,234
1087,234.1930565496921,199
1088,312.5830911747886,313
1089,34.19296509679796,28
1090,87.27089100843868,105
1091,390.73909393694885,459
1092,426.18744694066106,464
1093,48.20647621400681,49
1094,292.3936082824492,178
1095,310.7237292516961,325
1096,399.09775749164567,449
1097,292.6251655521612,263
1098,146.65597493106296,194
1099,427.5360475148781,427
1100,144.87156634697402,118
1101,285.55229490997476,297
1102,213.13643605559156,214
1103,76.84456324829696,108
1104,117.79773192866602,156
1105,199.49934305844448,266
1106,28.06637587885055,16
1107,255.57911374267923,311
1108,82.51041945377504,106
1109,393.15102439797465,542
1110,7.38710068125269,6
1111,342.3867113645541,407
1112,280.96927797190176,328
1113,401.6075079146075,411
1114,317.5376028188475,370
1115,0.0,28
1116,28.009397658950633,52
1117,0.0,4
1118,35.65196201665589,19
1119,87.42816671061071,118
1120,269.6938818577065,287
1121,350.9817745956217,267
1122,377.54817807726647,439
1123,146.709427749422,190
1124,684.9760088470186,710
1125,204.1908051877282,216
1126,428.8943662068792,420
1127,162.79866121282652,128
1128,108.40915463784944,47
1129,205.39614432170825,241
1130,754.1949299603397,724
1131,2.5607250669504253,7
1132,237.26269682392027,247
1133,157.4378856229945,157
1134,39.99902216674255,58
1135,166.9467479690955,144
1136,522.4092192709596,667
1137,25.329542239232552,25
1138,103.39918289870573,95
1139,60.12254269318433,50
1140,0.0,8
1141,304.9224912481917,369
1142,285.6258320888757,234
1143,519.2941328249248,538
1144,255.15444444661887,213
1145,209.60431062598934,175
1146,356.90196288709205,390
1147,303.7007938384434,264
1148,215.44635907935708,196
1149,310.4840076596021,323
1150,161.63282197501422,136
1151,207.36409186079572,258
1152,275.97611620946424,256
1153,300.201495703247,312
1154,429.89152058078434,464
1155,273.2098544258081,390
1156,63.28511649082148,66
1157,87.48946684748952,16
1158,229.69897824835795,205
1159,8.213293106822078,8
1160,282.42443862706887,284
1161,467.44790997011205,506
1162,320.23581384894305,447
1163,284.61102728148114,129
1164,274.28608953383355,264
1165,302.0880243049152,264
1166,367.14185481927717,264
1167,59.27241161110496,56
1168,21.186587973288596,24
1169,403.4343303470656,325
1170,170.61385133486624,187
1171,437.43576452340494,309
1172,25.060649017503977,37
1173,402.50427573317904,382
1174,231.3790176213155,218
1175,203.7589417631478,195
1176,214.66135335237334,241
1177,408.62464536849666,495
1178,115.45181777217502,131
1179,2.61345691554547,7
1180,59.01208133662354,20
1181,256.8831817776117,266
1182,396.98629507349017,461
1183,219.3147884378044,224
1184,417.62265032811865,361
1185,89.6077718705223,111
1186,316.3057658174233,333
1187,60.060476691851306,91
1188,0.0,8
1189,0.0,5
1190,240.12216727809968,161
1191,14.42173466904012,66
1192,303.20360752880225,260
1193,472.48916238704044,370
1194,12.216560417045969,6
1195,162.78301119845077,194
1196,83.84002140075913,89
1197,84.0762640866853,78
1198,616.0363022418071,570
1199,0.0,4
1200,77.98045573607901,81
1201,189.5455281097412,194
1202,60.64113723774349,36
1203,215.65892431999177,113
1204,572.1931739599135,635
1205,565.5403015309568,537
1206,326.6367043220656,349
1207,212.42700122140567,219
1208,70.79787925089212,18
1209,53.184025387047654,16
1210,334.34739988671043,335
1211,432.5070662570578,552
1212,142.9955301501432,168
1213,216.59587770931552,208
1214,245.06008649848735,242
1215,243.225227094748,312
1216,12.69590675218538,6
1217,0.0,13
1218,88.78676737523308,142
1219,253.22045986499757,39
1220,0.0,4
1221,11.226044134205438,19
1222,271.4147247317087,258
1223,115.73605654093794,111
1224,102.9725056602463,30
1225,220.01656033079013,163
1226,114.67761420819353,112
1227,89.2469140227014,129
1228,4.29196876547806,7
1229,132.85939607418206,151
1230,75.68346940265974,142
1231,54.75726965830992,80
1232,340.68090181518585,262
1233,253.22283009455055,278
1234,317.0266208892365,262
1235,351.821790035159,317
1236,21.405391189044423,14
1237,143.68807976313644,113
1238,383.493417429595,420
1239,123.12551007509347,143
1240,382.3940898995384,427
1241,4.035666725559366,1
1242,28.676158933572225,84
1243,226.04266552122402,172
1244,58.702585254982154,52
1245,87.36649137937425,121
1246,49.63034739685452,32
1247,64.32977346677595,44
1248,0.0,8
1249,103.60451356288053,56
1250,255.3214615083162,170
1251,316.11127856482545,167
1252,149.73832567386586,187
1253,255.31668098173307,248
1254,1.3665963778146022,31
1255,6.87696723006556,5
1256,63.0916668027771,71
1257,96.62535747976015,64
1258,176.231264852092,216
1259,9.262140256923175,52
1260,22.562273757449077,2
1261,35.276944713224594,34
1262,26.440979730614202,11
1263,580.1512666945611,694
1264,162.76779458265983,91
1265,24.182665476374552,28
1266,121.28749731939817,137
1267,571.5479459331635,694
1268,304.53435834318736,304
1269,71.53337632248576,76
1270,624.2836017634157,671
1271,106.9510979892358,184
1272,388.2448767545143,379
1273,0.0,4
1274,129.36584229637572,170
1275,290.21691070694794,282
1276,0.0,10
1277,535.4784550053872,674
1278,154.18549035893395,149
1279,120.11655831864681,121
1280,62.41648418924348,75
1281,186.60669686492446,168
1282,87.6457409814063,69
1283,143.22020193001592,89
1284,230.9022857057956,303
1285,345.5921187319151,390
1286,52.107704083341616,56
1287,100.54621348574457,89
1288,70.571196409632,31
1289,39.09791455494522,76
1290,171.15442587839195,93
1291,143.21526029983937,131
1292,383.5963369450018,419
1293,120.18856201828376,134
1294,0.0,2
1295,0.0,8
1296,300.3863431775809,277
1297,688.0996321295006,797
1298,527.2567320740527,562
1299,124.90950190359182,156
1300,0.12038787987970068,14
1301,132.17180356567036,139
1302,18.154094780131288,12
1303,193.89570635644537,247
1304,218.73638490842626,178
1305,443.4980618629538,355
1306,30.881063322481424,30
1307,216.12945901389006,202
1308,252.22517625159645,246
1309,267.53574487263063,223
1310,68.26638419068411,120
1311,41.00927911796319,29
1312,28.280683567309808,78
1313,0.0,62
1314,267.4967540739998,281
1315,440.85826105535205,487
1316,66.12789798070875,71
1317,216.6747751821598,209
1318,685.4612434884875,774
1319,199.53915811903096,236
1320,73.2625058091473,60
1321,280.8818403416242,220
1322,73.10364223298674,58
1323,219.06378955295804,134
1324,228.1391291023801,264
1325,162.13258520952093,165
1326,310.83722941342216,269
1327,95.4401404006351,77
1328,277.454148177007,350
1329,9.132634775866933,62
1330,33.6940685820762,61
1331,131.97535670675643,113
1332,212.75297240068653,212
1333,24.309532312734632,33
1334,444.7373196277483,470
1335,163.1141397304067,192
1336,195.37431657172462,193
1337,254.9588475778276,118
1338,437.25860215020384,467
1339,561.6875708195222,508
1340,500.61179580121063,274
1341,111.55678941592592,133
1342,313.1535233078723,203
1343,10.344845930281252,10
1344,180.2568139686024,240
1345,0.0,8
1346,460.4937141847902,463
1347,360.63680693632466,390
1348,5.221578694436602,21
1349,65.86561348341378,73
1350,54.383028850487875,59
1351,8.070907716244875,4
1352,339.68320851998635,229
1353,222.3870796630643,235
1354,136.98481504764277,120
1355,442.315714281767,390
1356,67.69479575814174,118
1357,251.0023737856173,233
1358,183.0318445254179,178
1359,303.06479486925446,301
1360,318.71567313677576,270
1361,112.70624282697727,165
1362,66.57322764774068,89
1363,269.7676965800133,253
1364,34.259582397104595,54
1365,278.32101074179104,192
1366,25.368557045725396,45
1367,131.76842209994476,176
1368,20.109336352308105,12
1369,0.0,7
1370,187.45287862765034,187
1371,19.658600207346836,41
1372,33.44838378316959,79
1373,36.549006249137136,53
1374,362.6947444147484,232
1375,27.16820286599264,19
1376,544.3184387258233,134
1377,93.43326829258851,90
1378,299.9901155856623,300
1379,295.77760057528184,229
1380,148.06256294203723,125
1381,40.92131539066534,43
1382,18.994863149627633,77
1383,175.88636185181346,199
1384,303.5659426794168,254
1385,10.691363465986853,79
1386,363.87247238574355,172
1387,24.35263126759267,12
1388,447.114794839727,374
1389,22.878702156096097,1
1390,267.5931005892283,82
1391,24.993163860845726,30
1392,369.72334609858143,377
1393,50.979496317687136,72
1394,290.73799498699213,267
1395,54.555467336907014,46
1396,63.74863974507679,48
1397,215.71524413707644,331
1398,345.17302396954307,349
1399,606.7086506110702,622
1400,140.628531651114,117
1401,101.82430528775782,102
1402,11.1267585350802,58
1403,0.0,3
1404,39.89156108694732,70
1405,378.7370897980637,382
1406,126.22312894127404,179
1407,95.68505036741419,92
1408,361.56888624804145,432
1409,459.8831753503192,421
1410,166.85905762625794,170
1411,0.0,3
1412,48.764097175832575,121
1413,14.86166868596149,1
1414,6.520608841198026,8
1415,31.809235562602538,5
1416,123.5501124183366,69
1417,205.1535977767606,216
1418,273.593937830786,228
1419,428.75813889865765,389
1420,0.0,10
1421,661.4624232599342,300
1422,182.8797902177077,132
1423,287.0291857512888,275
1424,159.94375406185762,133
1425,59.77737905609007,15
1426,192.42771591729115,200
1427,11.53997069518823,30
1428,733.673517800208,778
1429,305.0487817131001,363
1430,0.0,17
1431,310.6032590637765,292
1432,286.5573283410798,303
1433,14.106081059604122,8
1434,74.77247209709114,86
1435,111.2824299547869,115
1436,177.38112748776626,203
1437,55.56454203074341,89
1438,212.69209113967761,215
1439,172.47142282049316,172
1440,34.83525380029627,53
1441,340.7692213208536,285
1442,29.655489474101444,23
1443,106.6637218056022,77
1444,108.30591190582953,120
1445,150.62556704223707,142
1446,69.09634492928721,51
1447,192.21889422530506,210
1448,193.57857597248176,245
1449,10.296958271386046,5
1450,601.6457068982899,482
1451,35.82952854684285,6
1452,444.63867024719764,324
1453,377.68439340129055,394
1454,22.26639983435095,18
1455,0.0,18
1456,365.1684578794642,289
1457,282.09370122385974,226
1458,28.493834223511357,17
1459,0.0,10
1460,248.3777277097406,283
1461,98.07577780290116,112
1462,72.67304541464749,24
1463,0.0,4
1464,98.55534180806225,126
1465,285.3380302688359,286
1466,8.739088555629337,12
1467,45.45696110210852,66
1468,60.19924171249653,75
1469,212.49242399009532,215
1470,106.8824121608466,109
1471,147.47143611884053,157
1472,23.08431683599514,42
1473,357.7725008229969,404
1474,0.0,47
1475,13.681603472180285,9
1476,0.0,5
1477,238.71906669951764,198
1478,0.0,7
1479,119.2163815025473,120
1480,47.22292022964686,24
1481,114.55635294906001,79
1482,232.41132067718138,229
1483,14.743628893563823,6
1484,0.0,17
1485,237.28906701783455,290
1486,0.0,5
1487,27.542669906982923,18
1488,378.76482574726305,493
1489,392.22534655435066,479
1490,283.31620476817045,286
1491,346.4055158721622,351
1492,307.0583290276163,292
1493,50.399530090054355,54
1494,376.93640767206966,374
1495,553.2733762773488,583
1496,583.9808985373481,644
1497,37.9469028444675,71
1498,0.0,10
1499,212.06368453667915,178
1500,370.9563755186067,364
1501,88.74206616847874,92
1502,314.07682464709507,286
1503,165.44676464361072,185
1504,25.114834719680232,44
1505,30.478737073245128,54
1506,392.66916930611376,398
1507,116.63316311514299,130
1508,177.8513240662508,185
1509,332.60694448747597,527
1510,320.99697908594146,337
1511,124.41555365935488,92
1512,20.475764274096946,14
1513,272.92757936330474,269
1514,154.0360231387638,138
1515,121.47838756025165,74
1516,29.609045353114624,4
1517,203.65418090659423,280
1518,291.27108451278343,312
1519,0.0,15
1520,88.1147789487506,97
1521,36.85523007755884,78
1522,190.96258037281075,208
1523,284.1446980189046,45
1524,140.2019277208488,179
1525,19.61344227211046,42
1526,222.40596082574447,176
1527,330.8855139385117,321
1528,302.66668145346677,311
1529,41.94456505626917,62
1530,33.11341910822094,3
1531,819.4022883719633,704
1532,274.75345304238124,241
1533,313.6868934859975,265
1534,181.0371388175929,127
1535,254.1370734827761,291
1536,36.32800027637356,39
1537,455.65765704707314,480
1538,187.27371527846165,227
1539,0.0,15
1540,641.8000939384987,233
1541,66.41690034621666,62
1542,424.08347865799806,525
1543,175.14161936063806,222
1544,370.95068026866625,355
1545,0.0,2
1546,85.61065992541731,108
1547,272.09232556620395,253
1548,220.4316516213214,229
1549,43.18334649726046,41
1550,0.0,1
1551,134.94121402017197,118
1552,0.0,4
1553,275.6844771631372,280
1554,51.48782949772618,74
1555,80.18333358497523,65
1556,492.16607117892227,511
1557,449.9895977739353,476
1558,0.0,46
1559,283.4232022276725,217
1560,15.750331691144737,20
1561,329.05927960709266,277
1562,21.707376696259615,63
1563,4.642167140561554,24
1564,106.31415866080316,88
1565,506.994937844834,580
1566,51.72352652088105,67
1567,207.66021383127352,215
1568,191.16497323338257,129
1569,80.55330260704365,57
1570,13.319768575444158,4
1571,275.44264257059854,222
1572,47.53665350452334,28
1573,423.05301746645375,476
1574,11.759100709996858,1
1575,8.099207739916665,15
1576,484.6327082072571,432
1577,1.7006780079261148,33
1578,7.104915093501887,8
1579,466.0306280630283,469
1580,552.3117578595372,579
1581,286.40611892209506,233
1582,158.92396446088867,146
1583,569.2956631297343,642
1584,256.1176811616903,277
1585,197.82930788715066,225
1586,0.0,31
1587,269.8269018070064,306
1588,178.7897204848012,186
1589,264.54046410280586,146
1590,15.198403091794177,21
1591,197.8155476714234,86
1592,182.38555234853612,152
1593,540.5674891526758,513
1594,92.57270920512313,203
1595,119.57186656742033,67
1596,142.17112509215485,58
1597,0.0,4
1598,204.62630710713916,154
1599,162.77121563292792,172
1600,123.52442377864774,124
1601,321.9585651763366,276
1602,0.0,43
1603,807.4561229875028,894
1604,196.62020339756333,207
1605,19.27589250879683,57
1606,361.7034501054858,344
1607,70.43001945664595,144
1608,0.0,4
1609,131.54441717308862,173
1610,395.97024625826737,378
1611,0.0,2
1612,19.735359976550484,2
1613,111.60589177694165,106
1614,11.281249260380491,9
1615,112.33207372240037,62
1616,123.26767012001824,118
1617,686.2117156387027,798
1618,306.00975448651747,324
1619,69.08548767967463,58
1620,174.6431963838435,236
1621,125.65527329555,60
1622,183.45529359003808,185
1623,11.004212780764277,2
1624,46.26622373923314,63
1625,6.254590763322398,1
1626,116.22880579578782,207
1627,158.11951394639397,159
1628,41.41848386812751,36
1629,500.9863348095914,753
1630,44.7661536054257,36
1631,502.37962595544616,366
1632,232.29223327891296,198
1633,152.41686457976567,183
1634,289.69659334579654,292
1635,759.1887624421948,733
1636,296.24364664555515,377
1637,77.70903013681097,30
1638,556.4170816391473,556
1639,142.19101572820222,139
1640,529.6391652783639,594
1641,108.72657539867991,116
1642,143.05922993876123,51
1643,372.41574898589465,238
1644,211.3628766793053,168
1645,323.69070579151355,359
1646,0.0,2
1647,9.304082541999747,17
1648,304.2019120638517,238
1649,116.32154124997122,136
1650,40.72866092792438,23
1651,605.4174647762268,767
1652,80.29395686033902,120
1653,415.8926554252155,370
1654,199.59129108790248,194
1655,33.05348717487979,11
1656,151.19869480822894,151
1657,319.5740235531714,93
1658,5.11522546331085,15
1659,14.838531433474657,51
1660,397.0827712424649,382
1661,298.20283814565926,247
1662,206.09726018118664,192
1663,305.97520641338144,243
1664,288.56919084305923,272
1665,6.610147811780848,40
1666,63.9619781225782,57
1667,202.44795763095257,195
1668,281.6606512557455,228
1669,0.0,7
1670,131.70029266601045,130
1671,9.879934778949206,3
1672,100.4919558007511,146
1673,29.322364269969228,8
1674,0.0,12
1675,537.12552565183,481
1676,0.0,1
1677,664.8880412738273,618
1678,140.67025955424413,118
1679,0.0,7
1680,25.598661495060156,17
1681,284.40573189412305,276
1682,278.23723864530007,260
1683,451.25022097378826,474
1684,164.32760264782436,88
1685,53.91873771329679,51
1686,252.95832810343086,262
1687,31.14886177337644,4
1688,219.63312880165466,217
1689,185.9825549980085,193
1690,44.09428410824748,40
1691,0.0,29
1692,199.98112647143847,270
1693,344.2616754156851,323
1694,20.43811253297224,24
1695,261.49274420977537,241
1696,112.638721838214,94
1697,30.13480702508903,27
1698,271.76388230886175,259
1699,71.55594260090827,56
1700,27.29905123961268,23
1701,22.441301883505304,28
1702,80.6804959548609,27
1703,37.36009908076491,38
1704,342.59607530626135,336
1705,5.836568605005567,8
1706,9.737281805244976,12
1707,296.59119330687486,304
1708,580.5445732126548,595
1709,68.1487507391095,48
1710,172.44440065361493,140
1711,149.31619900284304,93
1712,83.1792943262343,50
1713,198.60114408023122,204
1714,258.1599038093349,128
1715,116.64683890556071,94
1716,250.00737262025547,211
1717,237.2913243494059,154
1718,430.6632562842051,410
1719,513.5113292689706,654
1720,8.295432261888635,1
1721,0.0,1
1722,147.39299453313816,167
1723,12.228920229297898,33
1724,0.0,5
1725,28.120642333159793,39
1726,8.568631593414608,61
1727,471.05895441130724,448
1728,287.8971036906749,357
1729,10.3219250539901,8
1730,289.11952973315175,200
1731,212.68491746726545,232
1732,143.82728138316023,107
1733,8.807204564814043,18
1734,300.9873188975628,323
1735,394.25333386466457,430
1736,61.71441977444189,25
1737,8.102415502915761,4
1738,154.518481527086,172
1739,571.885347985093,668
1740,12.701372726967605,8
1741,510.66294278909174,558
1742,335.0556443546019,299
1743,3.6897384934924844,12
1744,723.1322742909202,790
1745,82.9623701938444,88
1746,224.80109830628587,195
1747,515.6409978688595,568
1748,450.8989942319298,482
1749,477.294235545642,393
1750,45.70191407536586,23
1751,15.0986819153118,2
1752,139.166460281358,99
1753,20.16544848007183,28
1754,0.5990025274041955,2
1755,313.2254108119531,292
1756,48.737914085004206,45
1757,33.60160938032001,86
1758,41.994264623884106,60
1759,131.63924026577422,148
1760,91.31351325169888,84
1761,7.834721953159402,19
1762,4.3503141057180414,11
1763,178.3011709899074,185
1764,131.59998482451817,169
1765,55.05893088667912,37
1766,447.0625367700145,541
1767,324.91678663199457,288
1768,231.2017485247473,200
1769,56.93593901773764,24
1770,310.76659207335075,244
1771,0.0,1
1772,19.70192533915153,38
1773,107.1993623287416,147
1774,449.8177154388817,438
1775,350.784577113553,328
1776,316.45010306035124,261
1777,72.96257488632608,129
1778,0.0,1
1779,75.10121263832266,44
1780,28.594159861057193,12
1781,229.80920614979237,223
1782,139.4692326300276,124
1783,78.70710983502667,77
1784,147.926776373773,127
1785,18.312171987264378,20
1786,0.0,64
1787,322.4726320413955,282
1788,80.67074316623606,123
1789,142.45548161543232,100
1790,493.3998852088971,615
1791,30.900262698611215,66
1792,163.3747668671936,120
1793,191.75177782599462,96
1794,410.58153227333116,408
1795,97.44666002621466,69
1796,137.48399677715943,127
1797,347.42467717608275,338
1798,214.5929860546012,212
1799,0.0,6
1800,0.0,4
1801,45.01513410494104,37
1802,33.63700520759497,38
1803,209.25780240620222,171
1804,39.01566984284406,13
1805,118.86226671299615,110
1806,46.432820598404334,62
1807,332.66649287267853,307
1808,64.7519820918589,86
1809,337.0285974185879,276
1810,338.4031035265831,368
1811,164.29321629532245,248
1812,270.954567496201,232
1813,268.9803602602131,129
1814,315.001362416898,248
1815,25.37440753798404,35
1816,1.1377517699606585,1
1817,207.77355662870562,179
1818,400.2720180588956,377
1819,313.19775183244957,391
1820,203.77524791528248,218
1821,215.02711303804944,198
1822,264.8910796274998,235
1823,150.59548750347818,191
1824,58.555614964360956,12
1825,330.64790878738665,322
1826,186.13513675004975,87
1827,287.453628269661,326
1828,0.0,10
1829,121.59185822440773,113
1830,4.639518467602244,30
1831,60.0306218813287,82
1832,318.5597108574491,284
1833,389.688481298444,366
1834,42.833256090087275,45
1835,6.100914256261689,6
1836,0.0,47
1837,88.27342311760422,64
1838,29.02135833348197,46
1839,336.7125430750353,283
1840,298.55330015109314,255
1841,434.88557403898733,420
1842,117.91756958096994,67
1843,19.30511182281404,74
1844,373.57267729286957,401
1845,24.37352808181072,29
1846,244.76499717704343,146
1847,323.68414758782995,162
1848,161.44503642048605,129
1849,535.5157630378839,527
1850,314.5228617507877,331
1851,3.6575888523782965,4
1852,477.34758662433615,566
1853,208.91260588199415,219
1854,185.10769911707277,205
1855,315.08394118175244,198
1856,15.362756333334346,71
1857,166.34804133197798,168
1858,115.6836437697506,81
1859,0.0,2
1860,346.806905815948,372
1861,173.57943643097235,166
1862,108.43678726423204,190
1863,70.46929850262653,83
1864,13.777017150700914,1
1865,351.0115712102254,367
1866,116.76624292240638,102
1867,179.9277287976574,159
1868,424.32703321708715,414
1869,169.4059105386564,159
1870,200.04053424563318,200
1871,307.76506990548353,452
1872,51.670232522279576,29
1873,154.39034650690002,165
1874,384.8675092903226,349
1875,41.194899237409885,32
1876,271.3618676336936,294
1877,262.34542439663403,178
1878,583.6621643167334,609
1879,260.6081252558874,256
1880,141.31813489734512,147
1881,330.2541855724976,220
1882,38.14960436842301,58
1883,695.4947007519864,627
1884,109.30932027532256,103
1885,294.9853014175806,323
1886,349.05431938079164,336
1887,43.92918247595591,31
1888,287.86582713480266,283
1889,14.318060303850842,6
1890,15.209553353782098,6
1891,162.70977169841922,221
1892,231.27267631415964,168
1893,305.3502594722951,343
1894,334.4798552592538,299
1895,20.31162973910577,11
1896,211.58785635570348,202
1897,113.13068816554194,102
1898,0.0,2
1899,151.4581424280109,174
1900,124.67819372857733,120
1901,191.09510583497115,140
1902,120.40958957207204,135
1903,56.2676426526987,27
1904,22.739158936998166,7
1905,503.33520276642673,564
1906,163.85162582313995,56
1907,71.26208627672162,29
1908,147.50379990914502,138
1909,32.48959291053583,32
1910,20.440827360486736,3
1911,0.0,5
1912,296.26148652537813,316
1913,139.13292742089516,83
1914,66.52616397135117,46
1915,606.4375325136277,634
1916,477.51609884178004,499
1917,71.55663697007351,123
1918,49.458616397271015,18
1919,226.22414113984908,265
1920,41.836526463090706,55
1921,145.49156945581979,49
1922,59.82179521739377,61
1923,53.49438806791281,31
1924,19.51734653819031,2
1925,71.34220092080429,21
1926,217.57352163803577,207
1927,234.11866788049122,241
1928,79.38030747153157,61
1929,335.38000184960435,372
1930,147.9462426074952,134
1931,71.20925817168589,44
1932,53.88361682781019,31
1933,14.252851407270981,20
1934,368.87705721414636,374
1935,154.38574038574384,136
1936,133.9961328970434,106
1937,108.01624231818494,137
1938,9.332301735563078,3
1939,522.1125696787311,566
1940,346.06728029348153,350
1941,125.4152794702184,12
1942,49.32400306114104,36
1943,540.9474211586619,552
1944,101.64461827110247,106
1945,62.771072894590205,88
1946,144.9962000420859,185
1947,262.6694908588178,212
1948,88.08669805807371,115
1949,315.45686815531667,331
1950,636.9930018416269,650
1951,103.86236035723152,95
1952,69.88140361715259,34
1953,238.0297279308443,250
1954,269.41009999122764,280
1955,126.54530507263651,135
1956,372.3368981120291,408
1957,246.3402294666599,233
1958,233.18093504948249,310
1959,0.36758260484427296,9
1960,344.2165893661307,405
1961,396.44596221433164,423
1962,150.84540399326124,134
1963,726.0039694941869,836
1964,25.71289491350825,4
1965,178.62737314713695,206
1966,557.6006157852293,591
1967,393.0772276447261,436
1968,271.15456714217135,256
1969,118.77920783734487,78
1970,0.0,4
1971,341.3849181381802,370
1972,0.0,4
1973,53.34029908050158,93
1974,383.35715898136834,431
1975,184.29378333102318,207
1976,26.449595845235507,25
1977,23.357361738398765,50
1978,128.77165949720973,167
1979,156.60296383534555,191
1980,101.99215222955904,157
1981,0.0,4
1982,257.43401161560143,257
1983,14.354342740303196,23
1984,311.85305563340097,273
1985,148.75123640629494,198
1986,0.0,3
1987,15.52464527490929,11
1988,57.72891243646356,29
1989,32.40495570523336,46
1990,123.8287495632799,124
1991,195.3894628372832,247
1992,63.94278005202416,56
1993,52.66897711175753,5
1994,64.69631882083472,67
1995,0.0,1
1996,206.92405143997624,201
1997,168.44954542566316,278
1998,0.0,7
1999,138.0269928362282,124
2000,212.21774969602822,214
2001,28.444022156223582,10
2002,105.69485712294482,131
2003,165.03271237960743,124
2004,174.42241877953833,176
2005,578.5175195614579,563
2006,26.414199079090025,21
2007,103.6459237945686,51
2008,449.2942646068068,434
2009,0.0,7
2010,338.8633005593812,282
2011,19.43373238734526,33
2012,0.0,8
2013,35.62925883904748,15
2014,142.41137177418136,164
2015,27.17317261844798,12
2016,243.23571211154402,212
2017,14.971372761303314,52
2018,104.58080724211652,123
2019,598.9301409143376,594
2020,253.6351369428648,238
2021,53.148566107469065,21
2022,0.0,67
2023,41.24587471521795,19
2024,144.33211397526074,139
2025,127.00835915379507,126
2026,424.3118256323081,430
2027,385.21265065085163,372
2028,147.85108383411958,102
2029,140.0213068896178,144
2030,220.60449443131523,234
2031,653.415260350476,737
2032,0.0,7
2033,0.0,16
2034,91.69194031686294,49
2035,1.1159177937379923,8
2036,59.39946216144196,62
2037,77.90395180336998,33
2038,0.0,13
2039,23.123457861928756,46
2040,176.11221081250713,175
2041,21.949149015210054,2
2042,326.01798677858585,285
2043,228.53349921467424,211
2044,255.9383180138998,204
2045,245.9478215706365,260
2046,269.4483595870417,299
2047,421.91776444614743,494
2048,239.64980887205587,256
2049,435.2729560459146,211
2050,33.175232535666424,16
2051,398.49452385015763,432
2052,409.2936422806141,527
2053,30.36345896683116,4
2054,4.099661610939393,41
2055,294.60626186351857,260
2056,9.788294542685122,1
2057,194.7525465680531,229
2058,13.009467098874097,101
2059,377.001213267198,452
2060,47.5181664274987,45
2061,264.23732678057956,261
2062,110.00470249129259,135
2063,469.7403900421717,554
2064,117.56062678258081,119
2065,604.9772634154798,635
2066,445.4166385911499,529
2067,231.75699429724602,241
2068,0.0,6
2069,147.15701857306578,204
2070,174.5380224978122,162
2071,22.646167795495415,48
2072,29.505809864510894,50
2073,206.5658787552588,275
2074,455.19052471882117,561
2075,174.57705566666846,83
2076,402.03089771601253,457
2077,384.9508872109373,363
2078,0.0,4
2079,231.10644543114728,182
2080,32.95988857580474,13
2081,193.9209640382067,237
2082,325.2836068370567,332
2083,264.1264561483107,203
2084,299.96199661173466,338
2085,115.6211524213527,30
2086,261.30539748855483,235
2087,141.99476097924827,220
2088,344.9464036517878,186
2089,23.3388146805124,27
